Time,Pickle File,city_file_name,status,N cities, delta_t, u0, termthresh, A, B, C, D,true_iter, soln_dist,number of retries
,,,,,,,,,,,,,,
1556129230.27019,tracers/a1e658ce-2d2d-4aa5-b091-6df25f7c43f0,instances/4_15_a1e658ce-2d2d-4aa5-b091-6df25f7c43f0,,4,0.000001,0.01,0.1,500,500,200,250,,4.432693608,
1556129733.37228,tracers/81018168-bcdd-4eb4-a157-cb6fc17ea6b1,instances/4_15_a1e658ce-2d2d-4aa5-b091-6df25f7c43f0,,4,0.000001,0.01,0.1,500,500,200,250,,4.4028299068,
1556130816.08139,tracers/27949f3f-d7c6-4728-a826-bdc9e1f6f440,10_3,,10,0.000001,0.01,0.1,500,500,200,0,,11.9126398494,
1556130853.45939,tracers/64953d38-a924-4cad-a2bc-acf0d13fc113,10_3,,10,0.000001,0.01,0.1,500,500,200,0,,11.392581654,
1556130865.18916,tracers/4a5325da-6813-4171-aa7e-5bfecf151458,10_3,,10,0.000001,0.01,0.1,500,500,200,0,,10.4913648574,
1556130937.14544,tracers/a1d2a178-b44f-4efe-bc1f-506be6447b87,10_3,,10,0.000001,0.1,0.1,500,500,200,0,,12.6243222696,
1556130969.72464,tracers/a1dd93e6-03f8-4731-8928-0f687febb02b,10_3,,10,0.000001,0.05,0.1,500,500,200,0,,10.2520807757,
1556131087.88294,tracers/1e728593-080c-4a84-ab9a-81bd62b6e8ee,10_3,,10,0.000001,0.01,0.1,500,500,200,0,,11.8878811186,
1556131106.65171,tracers/12371f34-eeab-4b54-9bbd-128a5298a0e2,10_3,,10,0.000001,0.1,0.1,500,500,200,0,,11.6978359828,
1556131204.6925,tracers/0d784e89-2682-4afd-aafa-eacbaf14fc18,10_3,,10,0.000001,0.1,0.1,500,500,500,0,,11.8940250749,
1556131295.27153,tracers/b1e15eb6-61ed-4eff-90b3-98f6e86c6675,10_3,,10,0.000001,0.1,0.1,500,500,500,0,,12.6456537359,
1556131648.7887,tracers/523400d3-aaef-4bf4-8360-3a43ddcecc80,10_3,,10,0.000001,0.1,0.1,500,500,500,0,5362,10.4295448379,
1556131807.45513,tracers/eb942809-fb54-4357-a442-ded941453c66,10_3,,10,0.000001,0.01,0.1,500,500,200,0,1888,8.547147196,
1556131876.10049,tracers/430324b6-f984-42cf-bacb-114b20ac0105,10_3,,10,0.00001,0.01,0.1,500,500,200,0,56,10.0045795718,
1556131951.15015,tracers/5bd0f6b9-cb82-49fc-a349-ab4b0b55e3ea,10_3,,10,0.00001,0.01,0.1,500,500,200,0,261,12.7025225906,
1556132082.29476,tracers/b12bf7f9-b05c-4a14-aa7b-746ea6518599,10_3,,10,0.00001,0.01,0.1,500,500,200,0,125,12.4602542695,
1556132131.1452,tracers/fe0a3980-6426-43d7-9aad-3c1696d96a14,10_3,,10,0.00001,0.01,0.1,500,500,200,0,114,11.7337305608,
1556132146.48536,tracers/d0e0a544-1806-4751-aa2c-0da31ec5cad2,10_3,,10,0.00001,0.01,0.1,500,500,200,0,172,12.2845400353,
1556132200.5905,tracers/4e4edaae-dcad-41f8-970a-7fb3693f16ed,10_3,,10,0.00001,0.01,0.1,500,500,200,100,318,10.5716967438,
1556132221.79947,tracers/c1d478c2-eb9b-4769-8aaf-ac523f8bba18,10_3,,10,0.00001,0.01,0.1,500,500,200,100,288,11.1405899712,
1556132226.53218,tracers/a468347e-01b1-40bf-b178-d89fcbfd8bce,10_3,,10,0.00001,0.01,0.1,500,500,200,100,538,13.1121855241,
1556132238.11915,tracers/28329ae5-ab49-4209-a4be-d9174a97c562,10_3,,10,0.00001,0.01,0.1,500,500,200,100,171,12.9742415606,
1556132247.07525,tracers/3c71b525-3d45-4055-bb08-1e61974b573e,10_3,,10,0.00001,0.01,0.1,500,500,200,100,192,9.28683824,
1556132319.98361,tracers/6161851f-f3e4-46bc-a555-9d2434fadbcd,10_3,,10,0.00001,0.01,0.1,500,500,200,100,891,11.8105737886,
1556132333.83042,tracers/76dccd28-e5ab-4024-be1e-8efd7896c11f,10_3,,10,0.00001,0.01,0.1,500,500,200,100,362,11.6299849629,
1556132452.07759,tracers/97794b38-acfe-404f-9346-98289bf026e4,10_3,,10,0.00001,0.01,0.1,500,500,200,100,668,15.1240722621,
1556132454.90842,tracers/14acd2ff-fca1-47b9-9630-2eae8c0a7df7,10_3,,10,0.00001,0.01,0.1,500,500,200,100,369,10.6140713184,
1556132461.9445,tracers/e66707c3-a296-4545-835a-7bc044de3c66,10_3,,10,0.00001,0.01,0.1,500,500,200,100,2222,12.6082800451,
1556132484.40991,tracers/ff90dd93-52c6-4e02-932d-15c586d401b9,10_4,,10,0.00001,0.01,0.1,500,500,200,100,184,10.4997514732,
1556132489.87038,tracers/5f2ffd2d-53ce-48a0-9d8e-cea0c6edb59e,10_4,,10,0.00001,0.01,0.1,500,500,200,100,874,12.4595407212,
1556132494.68113,tracers/9bc501c9-cdc0-46c3-86e1-909809bca097,10_4,,10,0.00001,0.01,0.1,500,500,200,100,277,9.7209918314,
1556132499.53812,tracers/8dd2d603-c84b-4777-a83f-f127adb2a24e,10_4,,10,0.00001,0.01,0.1,500,500,200,100,252,10.3552427232,
1556132500.90948,tracers/7ab7fc0d-786b-476f-aa25-9131b858ebf5,10_4,,10,0.00001,0.01,0.1,500,500,200,100,508,11.8609591203,
1556132502.84963,tracers/51e7e296-5c82-44ac-9196-ce9649e59b64,10_4,,10,0.00001,0.01,0.1,500,500,200,100,574,12.2103624161,
1556132507.36133,tracers/80da431f-f7bc-430d-b0c1-522998c02d9e,10_4,,10,0.00001,0.01,0.1,500,500,200,100,311,11.4609879616,
1556132515.6958,tracers/f52bc81d-0bac-408a-879d-047736a08482,10_4,,10,0.00001,0.01,0.1,500,500,200,100,343,11.3856018401,
1556132516.32467,tracers/ea4bc183-6928-4414-9b65-734194d09446,10_4,,10,0.00001,0.01,0.1,500,500,200,100,459,12.8910188632,
1556132523.43561,tracers/62cc9b7f-08e5-42a7-b6aa-baa5e45b43d7,10_4,,10,0.00001,0.01,0.1,500,500,200,100,332,10.7142285497,
1556132535.62602,tracers/741d6206-d623-4074-9346-1c479bee43a3,10_4,,10,0.00001,0.01,0.1,500,500,200,100,434,9.8033853702,
1556132548.27178,tracers/6afff2b6-0306-48bf-9fc3-110ab2c73ab1,10_4,,10,0.00001,0.01,0.1,500,500,200,100,345,11.2386733208,
1556132550.72066,tracers/4d120680-3389-4ff0-bf04-83b9cabb08be,10_4,,10,0.00001,0.01,0.1,500,500,200,100,37,11.3414669316,
1556132564.95414,tracers/d9dbf726-8daa-4231-a284-348f2f8ebe3a,10_4,,10,0.00001,0.01,0.1,500,500,200,100,648,10.2808497788,
1556132566.15308,tracers/e0711422-fcc9-493c-8dc8-e5ac80c00f90,10_4,,10,0.00001,0.01,0.1,500,500,200,100,332,10.9218885488,
1556132576.32032,tracers/1bc881c3-f738-42d5-a479-6fe5b15f942e,10_4,,10,0.00001,0.01,0.1,500,500,200,100,289,11.4186688556,
1556132587.22887,tracers/5fd50ace-de8e-4da6-b4f1-2628e3882502,10_4,,10,0.00001,0.01,0.1,500,500,200,100,426,10.195153728,
1556132718.58916,tracers/f05b31a7-f64e-4285-8867-b21f434da50b,10_4,,10,0.00001,0.01,0.1,500,500,200,200,452,10.6892658577,
1556132743.91337,tracers/658ba308-91d1-46b3-8771-2673178c84c8,10_4,,10,0.00001,0.01,0.1,500,500,200,200,585,9.4119013641,
1556132761.61842,tracers/4aeac26a-575a-476f-bea8-49f7d59cec8a,10_4,,10,0.00001,0.01,0.1,500,500,200,200,1375,11.9428893459,
1556132767.84439,tracers/4c1568c6-41cf-4329-9c39-1e562359a0f6,10_4,,10,0.00001,0.01,0.1,500,500,200,200,307,10.3893319589,
1556132784.32271,tracers/d20e75f7-bad2-4132-ae1c-b5cf78b61f50,10_4,,10,0.00001,0.01,0.1,500,500,200,200,440,9.5915155871,
1556132843.59101,tracers/132c5f9c-ad32-40cb-bb23-bc60d1000d7b,10_4,,10,0.00001,0.01,0.1,500,500,200,200,409,8.2766294173,
1556132859.93829,tracers/707a5eff-62e1-45c7-9912-bbaed7a2cb2d,10_4,,10,0.00001,0.01,0.1,500,500,200,200,1027,9.9484957292,
1556132919.35017,tracers/4e6f8813-7ad4-40ae-83dd-04a002097c2d,10_4,,10,0.00001,0.01,0.1,500,500,200,200,711,10.2032668212,
1556132931.04781,tracers/6746c01c-d125-4f01-99ef-efb553d2fcba,10_4,,10,0.00001,0.01,0.1,500,500,200,200,996,9.9054918347,
1556132938.44554,tracers/7bb374fc-526f-4ef4-b551-531bc13ad114,10_4,,10,0.00001,0.01,0.1,500,500,200,250,997,10.2547431443,
1556132946.05795,tracers/15e0c56e-0b59-4e23-81ea-23c988367f63,10_4,,10,0.00001,0.01,0.1,500,500,200,250,298,8.5267109067,
1556132956.83585,tracers/d990a389-ceac-44be-9be3-b11cb4f2c283,10_4,,10,0.00001,0.01,0.1,500,500,200,200,204,10.4995810806,
1556132974.23512,tracers/2b495e0e-e3e8-4204-90b3-23dabf04303e,10_4,,10,0.00001,0.01,0.1,500,500,200,250,1105,11.1367431849,
1556132991.44369,tracers/72149d6a-b993-4e1f-b115-cda9205157ad,10_4,,10,0.00001,0.01,0.1,500,500,200,250,937,9.8098006053,
1556132999.57786,tracers/228c07ca-bd23-44f1-8133-762c47df500e,10_4,,10,0.00001,0.01,0.1,500,500,200,200,927,9.7834972265,
1556133028.47774,tracers/5908d7fb-6ef6-4098-bde7-687f82e2d3b2,10_4,,10,0.00001,0.01,0.1,500,500,200,250,120,11.5399961729,
1556133053.65952,tracers/03d5b42e-8a97-41e7-98ec-8e91a0fdecab,10_4,,10,0.00001,0.01,0.1,500,500,200,200,374,10.3641838523,
1556133105.41174,tracers/202ee13a-fc5e-4306-93ce-810eae4c0196,10_4,,10,0.00001,0.02,0.1,500,500,200,200,568,10.6659166179,
1556133118.29193,tracers/d3c4d75c-e67a-464d-a36d-2fa4ae836817,10_4,,10,0.00001,0.02,0.1,500,500,200,250,929,10.3553119274,
1556133153.11813,tracers/845e3b0c-2432-4a0f-84e9-52f38cd282ef,10_4,,10,0.00001,0.02,0.1,500,500,200,200,1270,8.2841306378,
1556133165.249,tracers/f4700535-acea-4275-a774-fee1aaebeb66,10_4,,10,0.00001,0.02,0.1,500,500,200,200,549,9.0442763692,
1556133175.95017,tracers/533a98e3-59b3-42a9-9f61-85d6fb5465ec,10_4,,10,0.00001,0.02,0.1,500,500,200,250,379,7.8675274363,
1556133238.35524,tracers/29a2574e-5631-4602-8a72-91d7dd5a6656,10_4,,10,0.00001,0.02,0.1,500,500,200,200,1047,9.8750945265,
1556133255.77332,tracers/3e6bf960-1136-4e5a-a40f-ca3d0d134461,10_4,,10,0.00001,0.02,0.1,500,500,200,250,2155,10.9660530613,
1556133263.25789,tracers/f81da5da-d38f-4d98-a40d-f2df4b8e8b66,10_4,,10,0.00001,0.02,0.1,500,500,200,250,864,9.2272403016,
1556133264.69598,tracers/4d3c6285-8bbb-4b01-8721-67b6d9375057,10_4,,10,0.00001,0.02,0.1,500,500,200,200,1124,10.1101853425,
1556133321.28032,tracers/1dd09eaa-f843-4e8c-adbd-fc992eb0251a,10_4,,10,0.00001,0.05,0.1,500,500,200,200,110,11.0626966571,
1556133349.8432,tracers/9a802889-e15f-4536-a3b7-942064b505ef,10_4,,10,0.00001,0.05,0.1,500,500,200,200,1154,8.3004453355,
1556133357.24714,tracers/f0282485-48fe-40e9-a72a-a60864859157,10_4,,10,0.00001,0.05,0.1,500,500,200,200,1082,10.177803204,
1556133383.23703,tracers/b2f4eff6-bb08-4130-be7d-add4b72bb541,10_4,,10,0.00001,0.05,0.1,500,500,200,200,2879,11.3143671798,
1556133399.21141,tracers/e5dfad53-4fae-4b22-900f-d4884db5d605,10_4,,10,0.00001,0.02,0.1,500,500,200,250,1161,10.4106619889,
1556133421.82336,tracers/61fd8b44-5a15-4ed6-aa78-b0b3d111259c,10_4,,10,0.00001,0.01,0.075,500,500,200,300,1244,7.8026669212,
1556133496.76062,tracers/1ebd85fa-ce70-4a42-bbff-a4691d0de968,10_4,,10,0.00001,0.05,0.1,500,500,200,200,7098,11.6315319139,
1556133517.32286,tracers/1a5d45f0-8487-44a5-aa8b-4ceb177db31f,10_4,,10,0.00001,0.01,0.075,500,500,200,300,878,9.3305044576,
1556133695.15534,tracers/fd3476b7-6c92-49c4-bff6-5a9dbfedba74,10_4,,10,0.00001,0.01,0.075,500,500,200,300,1814,9.9111213199,
1556133965.64442,tracers/f31bbcae-8b93-41c2-8bca-2e5943d263d0,10_4,,10,0.00001,0.02,0.1,500,500,200,300,1247,7.4742050434,
1556133970.22538,tracers/eaf9cd3d-53cb-4b12-909b-f221c7d05868,10_4,,10,0.00001,0.05,0.1,500,500,200,200,451,8.7620218305,
1556133981.44655,tracers/a532c66c-eaa3-4e24-9743-4b1937d0628b,10_4,,10,0.00001,0.05,0.1,500,500,200,200,1198,12.2138447955,
1556133998.393,tracers/ffffa2f3-b0f6-4392-82e5-f8095a86d092,10_4,,10,0.00001,0.05,0.1,500,500,200,200,1686,6.8610500615,
1556134004.58905,tracers/56e8ae91-532d-4d97-9ce6-b387ff28de4e,10_4,,10,0.00001,0.05,0.1,500,500,200,200,571,8.9802123572,
1556134008.41778,tracers/42a4f091-47fe-48a6-b655-0838f394fe1d,10_4,,10,0.00001,0.05,0.1,500,500,200,200,344,10.9056972869,
1556134023.80807,tracers/1e2c0c68-ff48-4c49-8db2-d3affc19ed4c,10_4,,10,0.00001,0.02,0.1,500,500,200,300,1010,9.4554475225,
1556134056.31769,tracers/fc030f44-e5a3-4198-840a-315d072bb937,10_4,,10,0.00001,0.01,0.075,500,500,200,300,583,9.7786876903,
1556134068.59738,tracers/44bb104b-1167-4c73-a99e-4e0eb0697c5a,10_4,,10,0.00001,0.01,0.075,500,500,200,300,1089,9.1077513259,
1556134069.22059,tracers/512bbb4c-f055-47b3-810d-02f5c76864e3,10_4,,10,0.00001,0.02,0.1,500,500,200,300,918,9.2102577435,
1556134119.9791,tracers/4f136e09-e755-478c-862a-f0484b9e2dbf,10_4,,10,0.00001,0.01,0.075,500,500,200,300,406,9.3525528168,
1556134154.3612,tracers/66770105-f2f1-4fe4-9f16-0dd9ec721577,10_4,,10,0.00001,0.01,0.075,500,500,200,300,526,9.8475885599,
1556134200.0971,tracers/efd631a0-8837-4d87-89d6-72d694aba069,10_4,,10,0.00001,0.02,0.1,500,500,200,300,276,9.1561478518,
1556134237.91227,tracers/896d1b9f-5791-4504-956f-7725e6beebb7,10_4,,10,0.00001,0.01,0.075,500,500,200,300,649,8.9036884788,
1556134378.80615,tracers/7ee555ad-d910-4d1d-a828-da3eeb849f49,10_4,,10,0.00001,0.01,0.075,500,500,200,300,373,9.3212121856,
1556134464.4253,tracers/14a93f43-9622-42be-ab45-f69d84777704,10_4,,10,0.00001,0.05,0.1,500,500,200,200,2139,10.4612664234,
1556134465.66739,tracers/ab3977bc-3cac-4f37-a82e-ddb23b66b2f3,10_4,,10,0.00001,0.05,0.1,500,500,200,200,139,9.8732858198,
1556134484.66753,tracers/605eac4e-f4f0-42a2-b949-39ba1797f705,10_4,,10,0.00001,0.01,0.075,500,500,200,300,858,10.1681915915,
1556134491.66625,tracers/9a03d6ab-fd48-4171-b324-4ccedaea1aae,10_4,,10,0.00001,0.05,0.1,500,500,200,200,1101,9.2161253684,
1556134499.17142,tracers/7d63a7e9-5d36-4c4e-b107-3608ba1e9867,10_4,,10,0.00001,0.05,0.1,500,500,200,200,1296,9.709747555,
1556134538.62982,tracers/9f859b29-8f4f-4773-b77a-e9f019b8b39c,10_4,,10,0.00001,0.05,0.1,500,500,200,200,6250,9.6767416525,
1556208382.50354,tracers/362622fb-f15e-4496-a08a-3da2c73a9063,instances/4_18_a74cbf77-90ed-44e6-a5bd-458e8a5c6353,,4,0.00001,0.1,0.1,500,500,200,500,19,4.7478340424,
1556208494.46775,tracers/96e96aaf-2f2d-479d-910f-73a869581fa1,instances/4_18_a74cbf77-90ed-44e6-a5bd-458e8a5c6353,,4,0.00001,0.1,0.1,500,500,200,500,32,4.7478340424,
1556208665.85024,tracers/e6188d26-6431-4b8c-bdc6-43444c4beadf,instances/4_18_a74cbf77-90ed-44e6-a5bd-458e8a5c6353,,4,0.00001,0.05,0.1,500,500,200,500,20,4.7478340424,
1556208678.66861,tracers/f3f8dca0-ff70-4b4b-88cc-67460c594246,instances/4_18_a74cbf77-90ed-44e6-a5bd-458e8a5c6353,,4,0.00001,0.05,0.1,500,500,200,500,15,4.7478340424,
1556208777.42848,tracers/bcfdbc3e-8365-4eb4-9395-c041ec7d5219,instances/4_18_a74cbf77-90ed-44e6-a5bd-458e8a5c6353,,4,0.000001,0.05,0.1,500,500,200,500,187,4.9317149654,
1556209041.04351,tracers/b7a7022a-0517-469b-8f9d-a2af953db051,instances/4_18_a74cbf77-90ed-44e6-a5bd-458e8a5c6353,,4,0.000001,0.05,0.1,500,500,200,500,282,4.7478340424,
1556209296.54313,tracers/b52f3f6a-f7ad-4418-aa69-d73edfa5d393,instances/4_18_a74cbf77-90ed-44e6-a5bd-458e8a5c6353,,4,0.000001,0.05,0.1,500,500,200,500,286,4.9317149654,
1556211600.96488,tracers/363bcfe0-648d-4c4e-9bf9-9d6ad284b2ae,instances/4_42_363bcfe0-648d-4c4e-9bf9-9d6ad284b2ae,,4,0.00001,0.01,0.1,500,500,200,500,8,5.2174279377,6
1556211601.62048,tracers/058a00b7-0210-474c-9994-a76413d9d424,instances/4_43_058a00b7-0210-474c-9994-a76413d9d424,,4,0.00001,0.01,0.1,500,500,200,500,276,3.2773592977,0
1556211608.75912,tracers/20e22949-d15f-45da-816a-4c527b451479,instances/4_46_20e22949-d15f-45da-816a-4c527b451479,,4,0.00001,0.01,0.1,500,500,200,500,36,4.7368293464,5
1556211615.98615,tracers/e0a6ac7d-a1a8-4f59-9518-3888d9070741,instances/4_47_e0a6ac7d-a1a8-4f59-9518-3888d9070741,,4,0.00001,0.01,0.1,500,500,200,500,502,2.0631797759,1
1556211627.13541,tracers/a63f8556-ccaa-4a2e-ada6-26f12db74e5d,instances/4_50_a63f8556-ccaa-4a2e-ada6-26f12db74e5d,,4,0.00001,0.01,0.1,500,500,200,500,464,3.990084535,2
1556211636.5255,tracers/aa19512f-06a6-4d6d-8bea-3ade1af36fae,instances/4_53_aa19512f-06a6-4d6d-8bea-3ade1af36fae,,4,0.00001,0.01,0.1,500,500,200,500,10,4.4433845042,2
1556211637.9152,tracers/98d84dfa-879b-46c2-88ef-7e2f91c09af3,instances/4_54_98d84dfa-879b-46c2-88ef-7e2f91c09af3,,4,0.00001,0.01,0.1,500,500,200,500,70,5.2340308458,7
1556211642.42751,tracers/ffd94b7a-6c26-41bd-b95c-3e6ed60f13b8,instances/4_56_ffd94b7a-6c26-41bd-b95c-3e6ed60f13b8,,4,0.00001,0.01,0.1,500,500,200,500,28,3.7566823856,0
1556211706.4875,tracers/33619ce0-8c6c-4d2c-a7d1-64434aa5efc3,instances/4_58_33619ce0-8c6c-4d2c-a7d1-64434aa5efc3,,4,0.00001,0.01,0.1,500,500,200,500,23,4.0132517251,10
1556211709.69312,tracers/a8525c66-4f5b-4083-8b49-ecde98ca05a0,instances/4_59_a8525c66-4f5b-4083-8b49-ecde98ca05a0,,4,0.00001,0.01,0.1,500,500,200,500,480,3.3943716111,5
1556211712.24232,tracers/492aeaae-3128-483d-a633-cf3d6cfcd1ff,instances/4_61_492aeaae-3128-483d-a633-cf3d6cfcd1ff,,4,0.00001,0.01,0.1,500,500,200,500,15,3.9130040429,0
1556211718.16912,tracers/c9e95bbf-1f92-4114-ba8a-ecab7647ad67,instances/4_63_c9e95bbf-1f92-4114-ba8a-ecab7647ad67,,4,0.00001,0.01,0.1,500,500,200,500,36,3.7814228453,7
1556211722.9826,tracers/f325f1cb-5781-4ac7-90bd-0969ca6cbdf2,instances/4_65_f325f1cb-5781-4ac7-90bd-0969ca6cbdf2,,4,0.00001,0.01,0.1,500,500,200,500,22,4.836381757,0
1556211806.00304,tracers/9ee42f53-ba87-4162-9ea6-039310261472,instances/4_70_9ee42f53-ba87-4162-9ea6-039310261472,,4,0.00001,0.01,0.1,500,500,200,500,478,2.9349360678,0
1556211965.65803,tracers/4f280e2a-5448-4638-a8d8-b66c121f23cc,instances/4_92_4f280e2a-5448-4638-a8d8-b66c121f23cc,,4,0.00001,0.01,0.1,500,500,200,500,32,2.4920041983,0
1556212052.93694,tracers/f1cb6c46-226a-43e0-9c1b-f8149c68b119,instances/4_109_f1cb6c46-226a-43e0-9c1b-f8149c68b119,,4,0.00001,0.01,0.1,500,500,200,100,129,2.1598972231,0
1556212057.5217,tracers/4230cd99-999a-41eb-81b7-7f67a53afaa3,instances/4_116_4230cd99-999a-41eb-81b7-7f67a53afaa3,,4,0.00001,0.01,0.1,500,500,200,100,293,3.45737046,0
1556212203.63534,tracers/5f64a2e3-de75-4861-9e78-38258a6e051c,instances/4_122_5f64a2e3-de75-4861-9e78-38258a6e051c,,4,0.00001,0.01,0.1,500,500,200,100,345,2.2729541799,0
1556212204.84214,tracers/976b0723-47b4-4b5f-81cb-423108096ce3,instances/4_123_976b0723-47b4-4b5f-81cb-423108096ce3,,4,0.00001,0.01,0.1,500,500,200,100,105,2.3571366492,0
1556212259.9089,tracers/f020adc7-ebdb-4ebc-b383-dfc34fc2c5cb,instances/4_130_f020adc7-ebdb-4ebc-b383-dfc34fc2c5cb,,4,0.00001,0.01,0.1,500,500,200,100,259,3.3824908462,0
1556212278.31255,tracers/c530d17a-776b-4134-b3a5-d0927813d19f,instances/4_132_c530d17a-776b-4134-b3a5-d0927813d19f,,4,0.00001,0.01,0.1,500,500,200,100,203,2.7962034905,0
1556212357.00003,tracers/9c349a9a-f050-4c95-beba-d2b2589ca529,instances/4_138_9c349a9a-f050-4c95-beba-d2b2589ca529,,4,0.00001,0.01,0.1,500,500,200,100,240,3.81269941,0
1556212367.03134,tracers/b6026459-1dc6-435a-af0b-29d1783a063e,instances/4_141_b6026459-1dc6-435a-af0b-29d1783a063e,,4,0.00001,0.01,0.1,500,500,200,100,282,5.4543037514,0
1556212395.37547,tracers/3a74bdf2-8b26-4130-8f43-7be98265d7aa,instances/4_153_3a74bdf2-8b26-4130-8f43-7be98265d7aa,,4,0.00001,0.01,0.1,500,500,200,100,33,4.0665202568,0
1556212842.5677977,tracers/60346d2a-b31c-46b6-9591-898bd25f132f,instances/4_157_60346d2a-b31c-46b6-9591-898bd25f132f,fail,4,1e-05,0.01,0.1,500,500,200,100.0,None,None,0
1556212843.1818738,tracers/5ab4b69b-dddc-4ab9-bd17-7f0464c8bc9f,instances/4_158_5ab4b69b-dddc-4ab9-bd17-7f0464c8bc9f,pass,4,1e-05,0.01,0.1,500,500,200,100.0,243,4.55609311812967,0
1556212843.5381563,tracers/f72ec937-4238-44ea-848b-c5f0ca2292e4,instances/4_159_f72ec937-4238-44ea-848b-c5f0ca2292e4,fail,4,1e-05,0.01,0.1,500,500,200,100.0,None,None,0
1556212844.111671,tracers/96e9178d-de45-4475-bdad-dcbd9dd6b664,instances/4_160_96e9178d-de45-4475-bdad-dcbd9dd6b664,fail,4,1e-05,0.01,0.1,500,500,200,100.0,None,None,0
1556212844.4889262,tracers/c87e66a2-4e7c-4a83-9202-eea9da3e15b1,instances/4_161_c87e66a2-4e7c-4a83-9202-eea9da3e15b1,fail,4,1e-05,0.01,0.1,500,500,200,100.0,None,None,0
1556212844.9939375,tracers/d7759102-5fc7-488c-811d-816249cc78ef,instances/4_162_d7759102-5fc7-488c-811d-816249cc78ef,fail,4,1e-05,0.01,0.1,500,500,200,100.0,None,None,0
1556212845.5282915,tracers/9641bd79-0f79-47b3-ba87-3f0d1878d24a,instances/4_163_9641bd79-0f79-47b3-ba87-3f0d1878d24a,fail,4,1e-05,0.01,0.1,500,500,200,100.0,None,None,0
1556212846.206723,tracers/1fcac639-8a65-48cf-a762-c958fd55ecae,instances/4_164_1fcac639-8a65-48cf-a762-c958fd55ecae,fail,4,1e-05,0.01,0.1,500,500,200,100.0,None,None,0
1556212846.737792,tracers/711eb028-a19f-4182-8942-77c29e47ac27,instances/4_165_711eb028-a19f-4182-8942-77c29e47ac27,fail,4,1e-05,0.01,0.1,500,500,200,100.0,None,None,0
1556212847.52323,tracers/8459f769-cd32-4f37-bb9d-bcfde3092ce0,instances/4_166_8459f769-cd32-4f37-bb9d-bcfde3092ce0,fail,4,1e-05,0.01,0.1,500,500,200,100.0,None,None,0
1556212913.9292595,tracers/0b6719a8-99e5-4c0a-95a0-7175b550a342,instances/4_167_0b6719a8-99e5-4c0a-95a0-7175b550a342,fail,4,1e-05,0.02,0.1,500,500,200,100.0,None,None,0
1556212914.3099625,tracers/f11301c1-845e-419d-a2d2-b19091d181e5,instances/4_168_f11301c1-845e-419d-a2d2-b19091d181e5,pass,4,1e-05,0.02,0.1,500,500,200,100.0,34,4.037363538622585,0
1556212914.8930426,tracers/0ef0250c-b088-4fb7-85e0-09a8fde9d21b,instances/4_169_0ef0250c-b088-4fb7-85e0-09a8fde9d21b,fail,4,1e-05,0.02,0.1,500,500,200,100.0,None,None,0
1556212915.7877562,tracers/4924438a-4f99-44fa-b36b-0eb6343e6d35,instances/4_170_4924438a-4f99-44fa-b36b-0eb6343e6d35,fail,4,1e-05,0.02,0.1,500,500,200,100.0,None,None,0
1556212916.4463646,tracers/f7a7c568-93e9-404b-9642-df2a306ccbfd,instances/4_171_f7a7c568-93e9-404b-9642-df2a306ccbfd,fail,4,1e-05,0.02,0.1,500,500,200,100.0,None,None,0
1556212916.8625686,tracers/51b8fbd9-4313-47e5-b39d-90891c1e1aa6,instances/4_172_51b8fbd9-4313-47e5-b39d-90891c1e1aa6,pass,4,1e-05,0.02,0.1,500,500,200,100.0,64,4.575060718089735,0
1556212917.9057496,tracers/85f1e116-c62f-4e64-add5-51aa819861fe,instances/4_173_85f1e116-c62f-4e64-add5-51aa819861fe,pass,4,1e-05,0.02,0.1,500,500,200,100.0,615,1.9554597001806384,0
1556212918.6984022,tracers/0d962d7b-e6b2-4d8b-a05c-ad93b9449f56,instances/4_174_0d962d7b-e6b2-4d8b-a05c-ad93b9449f56,pass,4,1e-05,0.02,0.1,500,500,200,100.0,388,4.032275380317861,0
1556212919.6294677,tracers/23c5aa19-335f-48ff-b7a8-ce900804afb9,instances/4_175_23c5aa19-335f-48ff-b7a8-ce900804afb9,fail,4,1e-05,0.02,0.1,500,500,200,100.0,None,None,0
1556212920.3087742,tracers/77ab6192-8746-493d-9ee5-33e38f2eeccb,instances/4_176_77ab6192-8746-493d-9ee5-33e38f2eeccb,fail,4,1e-05,0.02,0.1,500,500,200,100.0,None,None,0
1556212927.9345381,tracers/1165c113-8ffe-44f4-ba8a-e1b4dcae2693,instances/4_177_1165c113-8ffe-44f4-ba8a-e1b4dcae2693,fail,4,1e-05,0.02,0.1,500,500,200,100.0,None,None,0
1556212928.5989494,tracers/87919671-d188-4814-88b9-78665f383831,instances/4_178_87919671-d188-4814-88b9-78665f383831,pass,4,1e-05,0.02,0.1,500,500,200,100.0,294,4.473776285217053,0
1556212929.6364968,tracers/623c450f-baea-4176-a2e9-769577088a66,instances/4_179_623c450f-baea-4176-a2e9-769577088a66,fail,4,1e-05,0.02,0.1,500,500,200,100.0,None,None,0
1556212930.179497,tracers/2091c347-603f-4187-9246-c0340d136755,instances/4_180_2091c347-603f-4187-9246-c0340d136755,pass,4,1e-05,0.02,0.1,500,500,200,100.0,178,5.520406700283582,0
1556212930.7885785,tracers/d23e028d-387f-40c6-83e6-96c6a52dae81,instances/4_181_d23e028d-387f-40c6-83e6-96c6a52dae81,fail,4,1e-05,0.02,0.1,500,500,200,100.0,None,None,0
1556212931.7293632,tracers/abe2e917-7e05-4283-aff8-d92f3e57889c,instances/4_182_abe2e917-7e05-4283-aff8-d92f3e57889c,fail,4,1e-05,0.02,0.1,500,500,200,100.0,None,None,0
1556212932.323034,tracers/00cdf1b8-9e7e-499e-9d42-a310d27455da,instances/4_183_00cdf1b8-9e7e-499e-9d42-a310d27455da,fail,4,1e-05,0.02,0.1,500,500,200,100.0,None,None,0
1556212932.846244,tracers/ae3d3320-746b-4963-9dec-cb4ae0f33503,instances/4_184_ae3d3320-746b-4963-9dec-cb4ae0f33503,pass,4,1e-05,0.02,0.1,500,500,200,100.0,150,4.189750116746474,0
1556212934.0998697,tracers/796d5eb0-f58e-4cf7-8619-255904c587a8,instances/4_185_796d5eb0-f58e-4cf7-8619-255904c587a8,fail,4,1e-05,0.02,0.1,500,500,200,100.0,None,None,0
1556212934.8182943,tracers/1a90b6b5-e3eb-44f1-8e20-3a0da6f49d75,instances/4_186_1a90b6b5-e3eb-44f1-8e20-3a0da6f49d75,fail,4,1e-05,0.02,0.1,500,500,200,100.0,None,None,0
1556212935.5536041,tracers/cae93ef6-6c11-4563-ab59-9aa509c866ce,instances/4_187_cae93ef6-6c11-4563-ab59-9aa509c866ce,fail,4,1e-05,0.02,0.1,500,500,200,100.0,None,None,0
1556212935.994541,tracers/e7d0ad68-c8f2-4a0d-bfcd-bfdd088399cd,instances/4_188_e7d0ad68-c8f2-4a0d-bfcd-bfdd088399cd,fail,4,1e-05,0.02,0.1,500,500,200,100.0,None,None,0
1556212936.557497,tracers/3fc8b2b9-cbc8-4ee5-8c7b-ec5414afd40b,instances/4_189_3fc8b2b9-cbc8-4ee5-8c7b-ec5414afd40b,fail,4,1e-05,0.02,0.1,500,500,200,100.0,None,None,0
1556212937.34811,tracers/f3f3aa7a-87d5-4397-a6e0-61102e19cf21,instances/4_190_f3f3aa7a-87d5-4397-a6e0-61102e19cf21,pass,4,1e-05,0.02,0.1,500,500,200,100.0,397,2.8374976994227947,0
1556212937.850508,tracers/884c54bf-aec8-4793-b356-9ae80e668c5e,instances/4_191_884c54bf-aec8-4793-b356-9ae80e668c5e,fail,4,1e-05,0.02,0.1,500,500,200,100.0,None,None,0
1556212938.5595024,tracers/ee8b0e98-df9d-4249-94cb-d7ce0edd5278,instances/4_192_ee8b0e98-df9d-4249-94cb-d7ce0edd5278,fail,4,1e-05,0.02,0.1,500,500,200,100.0,None,None,0
1556212939.174642,tracers/36312f5e-8c95-4e63-9153-28b20509a75f,instances/4_193_36312f5e-8c95-4e63-9153-28b20509a75f,pass,4,1e-05,0.02,0.1,500,500,200,100.0,245,3.917575697323496,0
1556212939.7299979,tracers/55b7729b-5889-4d7d-94b5-8f51ba47ff0c,instances/4_194_55b7729b-5889-4d7d-94b5-8f51ba47ff0c,pass,4,1e-05,0.02,0.1,500,500,200,100.0,175,4.267281383723102,0
1556212940.3895152,tracers/186727f1-920e-4f65-a455-d4d2da4b782b,instances/4_195_186727f1-920e-4f65-a455-d4d2da4b782b,fail,4,1e-05,0.02,0.1,500,500,200,100.0,None,None,0
1556212941.3333209,tracers/483331aa-392d-437f-b7c3-934813d326ec,instances/4_196_483331aa-392d-437f-b7c3-934813d326ec,pass,4,1e-05,0.02,0.1,500,500,200,100.0,579,3.5312437283766567,0
1556212941.9880216,tracers/b5a0d79c-6b09-42a5-978c-d1fe92173d22,instances/4_197_b5a0d79c-6b09-42a5-978c-d1fe92173d22,fail,4,1e-05,0.02,0.1,500,500,200,100.0,None,None,0
1556212942.6684966,tracers/0ac1edfe-c7b2-4e51-ac8a-ccc3ff1a4777,instances/4_198_0ac1edfe-c7b2-4e51-ac8a-ccc3ff1a4777,pass,4,1e-05,0.02,0.1,500,500,200,100.0,335,2.6780269441967954,0
1556212943.5145621,tracers/81e3bbee-2cea-4622-8c8b-5f37cf6eee93,instances/4_199_81e3bbee-2cea-4622-8c8b-5f37cf6eee93,fail,4,1e-05,0.02,0.1,500,500,200,100.0,None,None,0
1556212944.0876656,tracers/167a1267-3ff5-4869-ba73-8b2dca9755c3,instances/4_200_167a1267-3ff5-4869-ba73-8b2dca9755c3,fail,4,1e-05,0.02,0.1,500,500,200,100.0,None,None,0
1556212944.691331,tracers/403cf89f-8af2-4ac7-b0b4-7ad6c4b63ccf,instances/4_201_403cf89f-8af2-4ac7-b0b4-7ad6c4b63ccf,fail,4,1e-05,0.02,0.1,500,500,200,100.0,None,None,0
1556212945.3920455,tracers/9338d9df-2097-493b-aa1d-af4a2be54080,instances/4_202_9338d9df-2097-493b-aa1d-af4a2be54080,fail,4,1e-05,0.02,0.1,500,500,200,100.0,None,None,0
1556212946.111365,tracers/c4ec6b3b-ba41-4ac7-b276-ae3e0264422e,instances/4_203_c4ec6b3b-ba41-4ac7-b276-ae3e0264422e,fail,4,1e-05,0.02,0.1,500,500,200,100.0,None,None,0
1556212946.7582107,tracers/1e6987d8-f5b1-492d-be19-56a9922a14a4,instances/4_204_1e6987d8-f5b1-492d-be19-56a9922a14a4,fail,4,1e-05,0.02,0.1,500,500,200,100.0,None,None,0
1556212947.8429484,tracers/a6f279c9-bc55-404d-8e01-f2eae363d3c0,instances/4_205_a6f279c9-bc55-404d-8e01-f2eae363d3c0,fail,4,1e-05,0.02,0.1,500,500,200,100.0,None,None,0
1556212948.5110128,tracers/f877e12a-b468-4a31-b228-0ff768ca571b,instances/4_206_f877e12a-b468-4a31-b228-0ff768ca571b,fail,4,1e-05,0.02,0.1,500,500,200,100.0,None,None,0
1556213098.3673167,tracers/55dbb9ff-7ef7-4eaf-b0b5-f93982810ced,instances/4_207_55dbb9ff-7ef7-4eaf-b0b5-f93982810ced,pass,4,1e-05,0.02,0.1,500,500,200,100.0,782,4.875106832855022,2
1556213098.880768,tracers/ff92dc4f-2786-4e72-853a-25a7be01c7bd,instances/4_208_ff92dc4f-2786-4e72-853a-25a7be01c7bd,pass,4,1e-05,0.02,0.1,500,500,200,100.0,138,2.674930531816632,0
1556213100.6400495,tracers/7a0956e8-1792-4655-bfe7-dde49d9a1241,instances/4_209_7a0956e8-1792-4655-bfe7-dde49d9a1241,pass,4,1e-05,0.02,0.1,500,500,200,100.0,601,3.8824171654488464,3
1556213103.1469257,tracers/dcfb9ff5-3945-4239-94e1-2c3d10a853da,instances/4_210_dcfb9ff5-3945-4239-94e1-2c3d10a853da,pass,4,1e-05,0.02,0.1,500,500,200,100.0,54,5.162703858425102,5
1556213103.5808399,tracers/5840c5cb-f47a-419a-84e1-e82d0b83aaaf,instances/4_211_5840c5cb-f47a-419a-84e1-e82d0b83aaaf,pass,4,1e-05,0.02,0.1,500,500,200,100.0,88,2.718250682632997,0
1556213104.7372503,tracers/133e5766-56da-4f98-802c-a6caf29058b4,instances/4_212_133e5766-56da-4f98-802c-a6caf29058b4,pass,4,1e-05,0.02,0.1,500,500,200,100.0,147,4.722499876026538,2
1556213105.917426,tracers/da93e8f6-ee48-41d4-8b60-44944917b287,instances/4_213_da93e8f6-ee48-41d4-8b60-44944917b287,pass,4,1e-05,0.02,0.1,500,500,200,100.0,326,3.411964389061047,1
1556213106.334167,tracers/f9f2f1f0-6408-4c04-999a-730e44431e56,instances/4_214_f9f2f1f0-6408-4c04-999a-730e44431e56,pass,4,1e-05,0.02,0.1,500,500,200,100.0,79,2.8659447432538903,0
1556213107.5344985,tracers/549c5724-0524-43d2-9a4f-e3e33cc30bb9,instances/4_215_549c5724-0524-43d2-9a4f-e3e33cc30bb9,pass,4,1e-05,0.02,0.1,500,500,200,100.0,386,4.00516640489895,2
1556213108.3453703,tracers/0f2f18da-ac39-42c2-bdb6-ca186c6f2a3a,instances/4_216_0f2f18da-ac39-42c2-bdb6-ca186c6f2a3a,pass,4,1e-05,0.02,0.1,500,500,200,100.0,457,4.516155456201505,0
1556213109.2286181,tracers/7166bc86-b578-4204-8a8c-fc7414105d9d,instances/4_217_7166bc86-b578-4204-8a8c-fc7414105d9d,pass,4,1e-05,0.02,0.1,500,500,200,100.0,87,3.61904007180829,1
1556213111.0483763,tracers/1fb8ebf4-332c-44c5-a00e-b128fb27999a,instances/4_218_1fb8ebf4-332c-44c5-a00e-b128fb27999a,pass,4,1e-05,0.02,0.1,500,500,200,100.0,781,4.355611236757487,2
1556213111.552551,tracers/d06aaea8-932d-4468-8fcb-98ccc8b9d358,instances/4_219_d06aaea8-932d-4468-8fcb-98ccc8b9d358,pass,4,1e-05,0.02,0.1,500,500,200,100.0,151,4.39112290026989,0
1556213112.6709738,tracers/e6b716f9-3c06-4a96-90d2-8c2f82ad7d9b,instances/4_220_e6b716f9-3c06-4a96-90d2-8c2f82ad7d9b,pass,4,1e-05,0.02,0.1,500,500,200,100.0,490,4.775939950158266,1
1556213113.286635,tracers/8654a6c5-c5f1-4c50-8a85-5ed2a0c08a27,instances/4_221_8654a6c5-c5f1-4c50-8a85-5ed2a0c08a27,pass,4,1e-05,0.02,0.1,500,500,200,100.0,234,3.1359051386711516,0
1556213113.9794257,tracers/0e33cc37-8ee0-40b6-bd0b-22c2f031c511,instances/4_222_0e33cc37-8ee0-40b6-bd0b-22c2f031c511,pass,4,1e-05,0.02,0.1,500,500,200,100.0,294,4.296143402111301,0
1556213115.1165535,tracers/bc083a08-09fc-4bb9-9600-26eca7e04d6a,instances/4_223_bc083a08-09fc-4bb9-9600-26eca7e04d6a,pass,4,1e-05,0.02,0.1,500,500,200,100.0,692,4.423071308788661,0
1556213115.8073585,tracers/6c10ec2e-2443-4f78-8f6d-a66f89ef3c07,instances/4_224_6c10ec2e-2443-4f78-8f6d-a66f89ef3c07,pass,4,1e-05,0.02,0.1,500,500,200,100.0,325,3.6602788338730714,0
1556213116.4813988,tracers/10f18b1b-52ba-4d46-bc4f-aa69a307c6d3,instances/4_225_10f18b1b-52ba-4d46-bc4f-aa69a307c6d3,pass,4,1e-05,0.02,0.1,500,500,200,100.0,290,4.5534468085657585,0
1556213118.0915601,tracers/502d2669-f0c5-4143-a582-2ba7f0cf97cf,instances/4_226_502d2669-f0c5-4143-a582-2ba7f0cf97cf,pass,4,1e-05,0.02,0.1,500,500,200,100.0,396,3.649966951591207,1
1556213119.531891,tracers/3711a58b-1b01-49af-abc7-23230f17c445,instances/4_227_3711a58b-1b01-49af-abc7-23230f17c445,pass,4,1e-05,0.02,0.1,500,500,200,100.0,1020,5.940756020869495,0
1556213120.5909028,tracers/b9b4acc8-e3c9-4a2e-b72b-e3b264405ee9,instances/4_228_b9b4acc8-e3c9-4a2e-b72b-e3b264405ee9,pass,4,1e-05,0.02,0.1,500,500,200,100.0,92,4.515374433120094,2
1556213121.672488,tracers/6fc15430-cf98-4c2e-9656-425756ece0cf,instances/4_229_6fc15430-cf98-4c2e-9656-425756ece0cf,pass,4,1e-05,0.02,0.1,500,500,200,100.0,130,4.060717330146059,1
1556213122.0780416,tracers/0377352a-72e7-4e9c-a05d-deb2e6b1be32,instances/4_230_0377352a-72e7-4e9c-a05d-deb2e6b1be32,pass,4,1e-05,0.02,0.1,500,500,200,100.0,40,5.087531865212693,0
1556213122.4619575,tracers/c6673103-843b-4086-b988-183600c1f14f,instances/4_231_c6673103-843b-4086-b988-183600c1f14f,pass,4,1e-05,0.02,0.1,500,500,200,100.0,39,2.5157294034079705,0
1556213123.3980906,tracers/db6fad58-c98a-4765-bbc8-1371a1a84182,instances/4_232_db6fad58-c98a-4765-bbc8-1371a1a84182,pass,4,1e-05,0.02,0.1,500,500,200,100.0,130,5.077133425210791,1
1556213125.1552393,tracers/af4e6041-322a-4f54-8032-dba00eec54c2,instances/4_233_af4e6041-322a-4f54-8032-dba00eec54c2,pass,4,1e-05,0.02,0.1,500,500,200,100.0,336,3.424615857286825,3
1556213126.391912,tracers/ca2aba81-7313-4501-aea8-e8144359a78f,instances/4_234_ca2aba81-7313-4501-aea8-e8144359a78f,pass,4,1e-05,0.02,0.1,500,500,200,100.0,803,5.060245256715475,0
1556213128.0935757,tracers/4786574e-87ef-450d-ac43-cae8619e4d9e,instances/4_235_4786574e-87ef-450d-ac43-cae8619e4d9e,pass,4,1e-05,0.02,0.1,500,500,200,100.0,36,4.830417439348904,4
1556213128.7878404,tracers/76139cfe-c048-42a7-a760-50c8e42fef64,instances/4_236_76139cfe-c048-42a7-a760-50c8e42fef64,pass,4,1e-05,0.02,0.1,500,500,200,100.0,13,3.358793556709511,1
1556213224.4991493,tracers/b701d414-4ff5-4164-a94a-0cf11f709bb8,instances/4_237_b701d414-4ff5-4164-a94a-0cf11f709bb8,pass,4,1e-05,0.02,0.1,500,500,200,100.0,613,6.528893852288922,6
1556213225.6204557,tracers/d345e095-9195-46b8-82d0-6322e27ff826,instances/4_238_d345e095-9195-46b8-82d0-6322e27ff826,pass,4,1e-05,0.02,0.1,500,500,200,100.0,515,3.2886181238482424,1
1556213227.4786675,tracers/47b9ac99-285a-44cf-94b8-8336aff3b1d0,instances/4_239_47b9ac99-285a-44cf-94b8-8336aff3b1d0,pass,4,1e-05,0.02,0.1,500,500,200,100.0,956,4.645321645585028,2
1556213229.1905608,tracers/f390fac0-1836-4fe8-8157-58a64a572868,instances/4_240_f390fac0-1836-4fe8-8157-58a64a572868,pass,4,1e-05,0.02,0.1,500,500,200,100.0,43,4.317880021196717,4
1556213229.9465618,tracers/58315e85-69f0-4783-b895-423cb0406c7b,instances/4_241_58315e85-69f0-4783-b895-423cb0406c7b,pass,4,1e-05,0.02,0.1,500,500,200,100.0,361,3.0046211827641556,0
1556213231.30592,tracers/f78c4360-5a90-4d4a-8691-9bad64b5dc6d,instances/4_242_f78c4360-5a90-4d4a-8691-9bad64b5dc6d,pass,4,1e-05,0.02,0.1,500,500,200,100.0,940,6.177193184273231,0
1556213232.4662979,tracers/f35c3ccb-2caf-4c51-8fd3-2ded645ee6a9,instances/4_243_f35c3ccb-2caf-4c51-8fd3-2ded645ee6a9,pass,4,1e-05,0.02,0.1,500,500,200,100.0,521,4.779522167865133,1
1556213233.2519095,tracers/2904e987-0764-4969-b501-cdac3b0d77b7,instances/4_244_2904e987-0764-4969-b501-cdac3b0d77b7,pass,4,1e-05,0.02,0.1,500,500,200,100.0,41,5.814040155511648,1
1556213234.0329285,tracers/58fb7e55-9d97-46b1-82ec-56705e917cf6,instances/4_245_58fb7e55-9d97-46b1-82ec-56705e917cf6,pass,4,1e-05,0.02,0.1,500,500,200,100.0,29,4.16546141259954,2
1556213236.8813214,tracers/ee7460f3-1023-400b-a526-b509ec61e676,instances/4_246_ee7460f3-1023-400b-a526-b509ec61e676,pass,4,1e-05,0.02,0.1,500,500,200,100.0,795,5.128869346378804,5
1556213239.210565,tracers/600f2364-0873-453a-9a13-24ad643cc9a5,instances/4_247_600f2364-0873-453a-9a13-24ad643cc9a5,pass,4,1e-05,0.02,0.1,500,500,200,100.0,158,4.900026914404294,6
1556213240.3966925,tracers/27a77b99-9d7a-4c6a-8ffc-2cb906758443,instances/4_248_27a77b99-9d7a-4c6a-8ffc-2cb906758443,pass,4,1e-05,0.02,0.1,500,500,200,100.0,203,4.297686445540915,2
1556213257.0361447,tracers/dda27716-81ad-4a20-a233-b8a80a74c2d0,instances/4_249_dda27716-81ad-4a20-a233-b8a80a74c2d0,pass,4,1e-05,0.02,0.1,500,500,200,100.0,343,5.317000047132331,7
1556213259.12125,tracers/7b2e7dbd-a798-4a70-b89d-bc70fba0f4e8,instances/4_250_7b2e7dbd-a798-4a70-b89d-bc70fba0f4e8,pass,4,1e-05,0.02,0.1,500,500,200,100.0,48,4.304992186915778,3
1556213259.6033478,tracers/403c30f4-f6b4-481b-b939-37aac52b9944,instances/4_251_403c30f4-f6b4-481b-b939-37aac52b9944,pass,4,1e-05,0.02,0.1,500,500,200,100.0,131,3.551354648758012,0
1556213260.6541128,tracers/a6ba9ca8-b1bb-4051-9141-bc5518debf0e,instances/4_252_a6ba9ca8-b1bb-4051-9141-bc5518debf0e,pass,4,1e-05,0.02,0.1,500,500,200,100.0,363,2.3591894703974243,1
1556213261.7259033,tracers/ffa7694c-4b8b-4781-83d3-1a6310192f51,instances/4_253_ffa7694c-4b8b-4781-83d3-1a6310192f51,pass,4,1e-05,0.02,0.1,500,500,200,100.0,212,4.776673269179195,0
1556213262.5461102,tracers/a6f089eb-a7e2-4054-9f80-faf39d3ac436,instances/4_254_a6f089eb-a7e2-4054-9f80-faf39d3ac436,pass,4,1e-05,0.02,0.1,500,500,200,100.0,40,2.947265512677355,1
1556213263.71155,tracers/c95fd5d7-5d29-434a-8019-1403ff3398c3,instances/4_255_c95fd5d7-5d29-434a-8019-1403ff3398c3,pass,4,1e-05,0.02,0.1,500,500,200,100.0,99,1.8368714351779005,2
1556213265.6717436,tracers/1927cedd-09ee-4c23-9d6e-458669f794fa,instances/4_256_1927cedd-09ee-4c23-9d6e-458669f794fa,pass,4,1e-05,0.02,0.1,500,500,200,100.0,1105,4.69240791664355,1
1556213267.2379887,tracers/8e9dc00b-10ee-4b2a-8e05-661833fa4888,instances/4_257_8e9dc00b-10ee-4b2a-8e05-661833fa4888,pass,4,1e-05,0.02,0.1,500,500,200,100.0,622,4.048960568988581,0
1556213270.1440215,tracers/87849426-adbf-40bb-9b38-bcb5a43aedad,instances/4_258_87849426-adbf-40bb-9b38-bcb5a43aedad,pass,4,1e-05,0.02,0.1,500,500,200,100.0,1130,5.116148559434799,2
1556213272.034109,tracers/47617422-276b-45de-8fa5-38a167570d2d,instances/4_259_47617422-276b-45de-8fa5-38a167570d2d,pass,4,1e-05,0.02,0.1,500,500,200,100.0,901,6.0295656103436155,1
1556213274.4171298,tracers/37f29ccd-96a7-4287-9ace-b45d12864c44,instances/4_260_37f29ccd-96a7-4287-9ace-b45d12864c44,pass,4,1e-05,0.02,0.1,500,500,200,100.0,463,4.797136689202917,2
1556213275.0758152,tracers/00788617-9383-46cf-aa57-2d21de6e1e69,instances/4_261_00788617-9383-46cf-aa57-2d21de6e1e69,pass,4,1e-05,0.02,0.1,500,500,200,100.0,247,4.030527120394956,0
1556213275.928316,tracers/1da97719-dc83-4962-bd1f-350deb318e4e,instances/4_262_1da97719-dc83-4962-bd1f-350deb318e4e,pass,4,1e-05,0.02,0.1,500,500,200,100.0,289,3.3893219220063573,0
1556213276.836634,tracers/0f2ecf91-75b7-49b6-8aa9-3086561d6911,instances/4_263_0f2ecf91-75b7-49b6-8aa9-3086561d6911,pass,4,1e-05,0.02,0.1,500,500,200,100.0,303,4.879768559603686,0
1556213277.4933317,tracers/c135f2f3-2957-46a8-bdaa-d51ef73d1a9e,instances/4_264_c135f2f3-2957-46a8-bdaa-d51ef73d1a9e,pass,4,1e-05,0.02,0.1,500,500,200,100.0,247,3.8284024311011278,0
1556213278.6351175,tracers/5e5c79da-ea62-409b-9b1d-c62eee532aef,instances/4_265_5e5c79da-ea62-409b-9b1d-c62eee532aef,pass,4,1e-05,0.02,0.1,500,500,200,100.0,44,2.4693739220882835,2
1556213279.4662204,tracers/937528c9-cda7-4a4f-b524-f750ec5a7ad3,instances/4_266_937528c9-cda7-4a4f-b524-f750ec5a7ad3,pass,4,1e-05,0.02,0.1,500,500,200,100.0,416,3.4883870343252283,0
1556215047.4238658,tracers/14786173-f328-43d8-af7e-7893a7f9545f,instances/5_267_14786173-f328-43d8-af7e-7893a7f9545f,pass,5,1e-05,0.02,0.1,500,500,200,100.0,744,6.014742234695748,0
1556215048.587373,tracers/3c49a2a1-1e41-41ad-a765-f14fb9d15d55,instances/5_268_3c49a2a1-1e41-41ad-a765-f14fb9d15d55,pass,5,1e-05,0.02,0.1,500,500,200,100.0,224,3.9617624557463142,1
1556215050.6787362,tracers/65fc6c8f-add5-46a9-bd59-c65e7294acfe,instances/5_269_65fc6c8f-add5-46a9-bd59-c65e7294acfe,pass,5,1e-05,0.02,0.1,500,500,200,100.0,219,4.585840104667268,3
1556215051.8817868,tracers/1b849148-e2f6-4fa2-8d30-fd247f2d73f8,instances/5_270_1b849148-e2f6-4fa2-8d30-fd247f2d73f8,pass,5,1e-05,0.02,0.1,500,500,200,100.0,563,5.189142956997239,0
1556215054.5684357,tracers/c6178c27-269a-45bc-88b9-e17ff6f14233,instances/5_271_c6178c27-269a-45bc-88b9-e17ff6f14233,pass,5,1e-05,0.02,0.1,500,500,200,100.0,372,5.386238737823112,2
1556215055.4099402,tracers/64095044-dda3-4838-95f2-575ed234b02c,instances/5_272_64095044-dda3-4838-95f2-575ed234b02c,pass,5,1e-05,0.02,0.1,500,500,200,100.0,301,4.102180465585915,0
1556215056.6938632,tracers/7bbadf37-2680-4eef-99c7-8abc5e081351,instances/5_273_7bbadf37-2680-4eef-99c7-8abc5e081351,pass,5,1e-05,0.02,0.1,500,500,200,100.0,443,4.839132220496593,1
1556215057.614197,tracers/cd146618-90d7-4117-a360-5ee17b5c32ea,instances/5_274_cd146618-90d7-4117-a360-5ee17b5c32ea,pass,5,1e-05,0.02,0.1,500,500,200,100.0,301,5.6444719427527845,0
1556215059.7899554,tracers/0a79c79f-bbe3-4064-b3fa-5a66d0683f99,instances/5_275_0a79c79f-bbe3-4064-b3fa-5a66d0683f99,pass,5,1e-05,0.02,0.1,500,500,200,100.0,646,3.6552217371807822,2
1556215061.2112331,tracers/b582c6b1-229f-454f-94b8-2a5492710113,instances/5_276_b582c6b1-229f-454f-94b8-2a5492710113,pass,5,1e-05,0.02,0.1,500,500,200,100.0,283,5.154844697912664,1
1556215061.7358668,tracers/29a0948f-1b86-473d-a9b8-54f6fe00f474,instances/5_277_29a0948f-1b86-473d-a9b8-54f6fe00f474,pass,5,1e-05,0.02,0.1,500,500,200,100.0,61,3.8742344369186212,0
1556215062.7755508,tracers/d2234189-3de1-4100-99d3-34676f957a75,instances/5_278_d2234189-3de1-4100-99d3-34676f957a75,pass,5,1e-05,0.02,0.1,500,500,200,100.0,204,3.7413309717501946,0
1556215063.8448937,tracers/239662ea-a84b-487b-986c-3bdec72484a2,instances/5_279_239662ea-a84b-487b-986c-3bdec72484a2,pass,5,1e-05,0.02,0.1,500,500,200,100.0,119,3.2026221818003173,1
1556215065.4523394,tracers/f2fe1a1a-18a7-4291-971d-6b15aaf86680,instances/5_280_f2fe1a1a-18a7-4291-971d-6b15aaf86680,pass,5,1e-05,0.02,0.1,500,500,200,100.0,119,4.590137670981963,2
1556215069.2596679,tracers/44e24a77-b7ea-4879-9bab-6ad1271b0ca0,instances/5_281_44e24a77-b7ea-4879-9bab-6ad1271b0ca0,pass,5,1e-05,0.02,0.1,500,500,200,100.0,1390,7.431328811893054,1
1556215072.275948,tracers/fe43a0da-c4bb-40f9-9298-4484954c44c1,instances/5_282_fe43a0da-c4bb-40f9-9298-4484954c44c1,pass,5,1e-05,0.02,0.1,500,500,200,100.0,640,6.227976998490252,2
1556215073.7842376,tracers/1014f1da-7369-42dc-bc1b-934f88035cf1,instances/5_283_1014f1da-7369-42dc-bc1b-934f88035cf1,pass,5,1e-05,0.02,0.1,500,500,200,100.0,92,6.618358473112159,2
1556215079.0644913,tracers/4efa18e8-dd78-4ce3-babf-60b2046f71a9,instances/5_284_4efa18e8-dd78-4ce3-babf-60b2046f71a9,pass,5,1e-05,0.02,0.1,500,500,200,100.0,234,3.824460704245256,5
1556215080.3205478,tracers/74cd7eaa-5097-4947-852f-c4505f662c7f,instances/5_285_74cd7eaa-5097-4947-852f-c4505f662c7f,pass,5,1e-05,0.02,0.1,500,500,200,100.0,426,6.64672516904943,0
1556215082.2631133,tracers/4cae020c-c86f-4db1-80bf-a9ea3f9a01df,instances/5_286_4cae020c-c86f-4db1-80bf-a9ea3f9a01df,pass,5,1e-05,0.02,0.1,500,500,200,100.0,474,6.399342497740522,1
1556215090.1803102,tracers/ff666398-4ce2-4dd7-a76d-8d4976ecf597,instances/5_287_ff666398-4ce2-4dd7-a76d-8d4976ecf597,pass,5,1e-05,0.02,0.1,500,500,200,100.0,265,6.070851139915202,2
1556215092.7367623,tracers/bcb4695e-0bf1-487f-9a99-52e25bcca220,instances/5_288_bcb4695e-0bf1-487f-9a99-52e25bcca220,pass,5,1e-05,0.02,0.1,500,500,200,100.0,544,4.7256637001948185,1
1556215098.5157008,tracers/1524b446-6634-4355-83cf-b82701f21ebb,instances/5_289_1524b446-6634-4355-83cf-b82701f21ebb,pass,5,1e-05,0.02,0.1,500,500,200,100.0,873,4.18662843918013,5
1556215102.4098647,tracers/63bbed51-7b8b-4fce-b5af-9501ad5d1158,instances/5_290_63bbed51-7b8b-4fce-b5af-9501ad5d1158,pass,5,1e-05,0.02,0.1,500,500,200,100.0,34,6.746488671586847,5
1556215104.159624,tracers/d0376edc-31af-4841-9b74-cf089525c6c1,instances/5_291_d0376edc-31af-4841-9b74-cf089525c6c1,pass,5,1e-05,0.02,0.1,500,500,200,100.0,893,6.001311747481176,0
1556215105.7873275,tracers/ac711c25-1f2b-4f30-8c79-cb93b057fc00,instances/5_292_ac711c25-1f2b-4f30-8c79-cb93b057fc00,pass,5,1e-05,0.02,0.1,500,500,200,100.0,377,4.684687726267736,1
1556215107.107052,tracers/6fb283f6-fa16-499f-b7c9-d091c67b29b7,instances/5_293_6fb283f6-fa16-499f-b7c9-d091c67b29b7,pass,5,1e-05,0.02,0.1,500,500,200,100.0,294,3.3608139086667697,0
1556215111.3643444,tracers/7807a68d-baaf-401d-ba43-a5ac0e6c5ffe,instances/5_294_7807a68d-baaf-401d-ba43-a5ac0e6c5ffe,pass,5,1e-05,0.02,0.1,500,500,200,100.0,195,5.844758437499575,3
1556215112.8291252,tracers/4bdce155-9a30-4d1a-822e-f5a67a67c94f,instances/5_295_4bdce155-9a30-4d1a-822e-f5a67a67c94f,pass,5,1e-05,0.02,0.1,500,500,200,100.0,337,4.519011892456147,0
1556215119.7217054,tracers/27b91ee7-0937-480a-a668-8334bdcde98a,instances/5_296_27b91ee7-0937-480a-a668-8334bdcde98a,pass,5,1e-05,0.02,0.1,500,500,200,100.0,641,7.988355442644296,1
1556215421.0173335,tracers/e0c62803-93f6-4ec5-b928-527c89461c95,10_4,pass,10,1e-05,0.02,0.1,500,500,200,100.0,431,9.796452374988181,0
1556215423.3276005,tracers/eb3552bf-8685-42c9-adb5-6fd11584c470,10_4,pass,10,1e-05,0.02,0.1,500,500,200,100.0,395,11.444415617778251,0
1556215434.903383,tracers/bfa49ff7-94ac-4225-8400-5669dbba1c89,10_4,pass,10,1e-05,0.02,0.1,500,500,200,100.0,490,11.919995177947483,4
1556215438.5533366,tracers/39923e52-5bf9-49b6-b3e8-885044ee5469,10_4,pass,10,1e-05,0.02,0.1,500,500,200,100.0,657,10.459086195528933,0
1556215440.6419415,tracers/75a719d6-0b44-426d-a506-908956b77bdb,10_4,pass,10,1e-05,0.02,0.1,500,500,200,100.0,353,11.79133008376817,0
1556215447.272895,tracers/8acb94d9-7c69-4b72-843b-3677fd562c78,10_4,pass,10,1e-05,0.02,0.1,500,500,200,100.0,775,10.68775977894174,1
1556215473.4373655,tracers/0b86eb4f-f2db-44c3-b8ae-10004cddc53b,10_4,pass,10,1e-05,0.02,0.1,500,500,200,100.0,650,11.499865720050753,6
1556215479.344803,tracers/0db90750-441f-4b9a-af6b-91436205ab94,10_4,pass,10,1e-05,0.02,0.1,500,500,200,100.0,232,10.357312888691668,2
1556215490.980702,tracers/68051fa4-c78e-4caf-8ed9-c4c8d2f49c45,10_4,pass,10,1e-05,0.02,0.1,500,500,200,100.0,678,10.219053221571652,3
1556215497.0814984,tracers/3bc48742-61c3-45f0-86a2-344bcd803ee8,10_4,pass,10,1e-05,0.02,0.1,500,500,200,100.0,146,11.159504622888093,2
1556215503.6805162,tracers/e808e849-9932-43e6-bf2e-a3baaff21868,10_4,pass,10,1e-05,0.02,0.1,500,500,200,100.0,551,11.036673500097104,1
1556215508.261599,tracers/78d80a97-f683-46bd-a380-c792ef7cdb45,10_4,pass,10,1e-05,0.02,0.1,500,500,200,100.0,215,11.229497989395895,1
1556215514.0832229,tracers/ba444e0a-19e5-4a17-b86f-4af97dac99cb,10_4,pass,10,1e-05,0.02,0.1,500,500,200,100.0,552,12.157601850140864,1
1556215519.5063953,tracers/5b9bb8e6-a657-4129-aa61-c8c6274f8da2,10_4,pass,10,1e-05,0.02,0.1,500,500,200,100.0,498,12.348239960683163,1
1556215523.0134146,tracers/027f3ef8-ce7e-4385-868a-368d605c9270,10_4,pass,10,1e-05,0.02,0.1,500,500,200,100.0,589,9.034140563800005,0
1556215534.408009,tracers/8635d919-04d3-4d15-9bef-964792458e22,10_4,pass,10,1e-05,0.02,0.1,500,500,200,100.0,611,9.659546894795383,3
1556215549.7865295,tracers/d1a59551-8b02-40c2-be6e-8de731f094b0,10_4,pass,10,1e-05,0.02,0.1,500,500,200,100.0,506,9.30302483729387,4
1556215552.4771652,tracers/dfd6dfb5-3e4e-4f24-9cd2-407d80586c74,10_4,pass,10,1e-05,0.02,0.1,500,500,200,100.0,371,10.481727276065435,0
1556215554.5500243,tracers/b0dc5af3-0709-4572-b3d9-c7e4dc3f6754,10_4,pass,10,1e-05,0.02,0.1,500,500,200,100.0,330,9.199944762827965,0
1556215557.4769354,tracers/2d2a1757-48e4-4fb4-9bd4-777434f1b359,10_4,pass,10,1e-05,0.02,0.1,500,500,200,100.0,419,11.680686324592386,0
1556215559.3252928,tracers/f5c8000a-9231-4403-a9ca-872080e4ae10,10_4,pass,10,1e-05,0.02,0.1,500,500,200,100.0,268,10.047394734298999,0
1556215565.8763373,tracers/2cbd175a-6df5-44bc-a40f-a362f7272d8c,10_4,pass,10,1e-05,0.02,0.1,500,500,200,100.0,343,10.251272490450186,2
1556215570.264579,tracers/43a831e9-4a94-46b9-ab15-04ae09176385,10_4,pass,10,1e-05,0.02,0.1,500,500,200,100.0,803,10.523010769883616,0
1556215586.5807846,tracers/bf358310-4d09-43c5-9a00-1eff7664e2bf,10_4,pass,10,1e-05,0.02,0.1,500,500,200,100.0,218,8.718355305381962,5
1556215593.7153707,tracers/9f92a4a1-4269-431a-acf5-df3b6378b2ec,10_4,pass,10,1e-05,0.02,0.1,500,500,200,100.0,535,8.341645443221427,1
1556215596.348273,tracers/2c2a2dec-ef83-4180-92ff-4a7302a23ecf,10_4,pass,10,1e-05,0.02,0.1,500,500,200,100.0,414,8.790264407641857,0
1556215597.8740582,tracers/7206d442-4ddf-4a01-b3ab-73514db17a5a,10_4,pass,10,1e-05,0.02,0.1,500,500,200,100.0,197,11.833899531087514,0
1556215602.4622433,tracers/4c115fa7-cabe-4fd3-994a-7e607cfe5eaa,10_4,pass,10,1e-05,0.02,0.1,500,500,200,100.0,585,10.821680186156392,0
1556215608.238254,tracers/223776a7-ed92-4686-9c2e-551c5fcc6039,10_4,pass,10,1e-05,0.02,0.1,500,500,200,100.0,573,10.336677036935086,1
1556215616.4278035,tracers/71273720-d36d-47d8-925f-dd5c620254ce,10_4,pass,10,1e-05,0.02,0.1,500,500,200,100.0,345,9.52904800968894,2
1556216178.703623,tracers/8c51ae27-2a1a-4db3-980f-3d6b4b9fb37c,10_4,pass,10,1e-05,0.02,0.1,500,500,200,100.0,757,10.699562125274266,0
1556216187.420527,tracers/f4aedf4d-caac-4d89-87fc-42b17d0a8a41,10_4,pass,10,1e-05,0.02,0.1,500,500,200,100.0,417,10.343778751359839,0
1556216206.4759371,tracers/59aa5868-373a-4465-b878-64cdd1bdcbca,10_4,pass,10,1e-05,0.02,0.1,500,500,200,200.0,430,12.086523889954927,0
1556216268.0661836,tracers/f10dd781-a5b6-4b4a-83b4-de469bfde443,10_4,pass,10,1e-05,0.02,0.1,500,500,200,200.0,432,9.513840792007581,8
1556216295.0929492,tracers/457c9580-43cd-40ea-bc17-cab388a3fa22,10_4,pass,10,1e-05,0.02,0.1,500,500,200,100.0,456,11.826680242095545,1
1556216317.9371355,tracers/341b1228-a16a-49b9-ba28-ca8b7715b7e8,10_4,pass,10,1e-05,0.02,0.1,500,500,200,100.0,619,10.648174964111634,4
1556216867.3003242,tracers/cd5dac01-10df-448f-aa84-5663a4ba577f,10_4,pass,10,1e-05,0.02,0.1,500,500,200,100.0,456,8.755833942339335,5
1556216912.0246732,tracers/976a54eb-d141-473b-abe6-efc43f3ab95b,10_4,pass,10,1e-06,0.02,0.1,500,500,200,100.0,4317,10.561313946751646,0
1556217056.2690268,tracers/29bc97f1-dcb5-489e-a068-ea762156cbbc,10_4,pass,10,1e-06,0.02,0.1,500,500,200,100.0,2137,11.706653898157178,3
1556217233.4918113,tracers/744085c7-3008-4034-a65e-7c5d14dcbf83,10_4,pass,10,1e-06,0.02,0.1,500,500,200,100.0,4364,11.041091104545316,2
1556217265.719055,tracers/5936be13-a2d1-46a5-93f3-71ad0b62168f,10_4,pass,10,1e-06,0.02,0.1,500,500,200,100.0,5526,11.61254563861629,0
1556217297.5215697,tracers/0d2adf80-1788-4ed2-bd8d-5f67049cc40b,10_4,pass,10,1e-06,0.02,0.1,500,500,200,100.0,5409,7.909843514136701,0
1556217371.0894523,tracers/393d986b-b2d1-4a0d-bbed-81b0cc6a2979,10_4,pass,10,1e-06,0.02,0.1,500,500,200,100.0,4179,10.56063202085061,2
1556217414.6487951,tracers/411633a8-51b6-4266-9c53-5d2822e1cbd0,10_4,pass,10,1e-06,0.02,0.1,500,500,200,100.0,4099,8.153479662468822,1
1556217460.9832757,tracers/39f34e73-9cae-45d8-8329-c2f888a7808e,10_4,pass,10,1e-06,0.02,0.1,500,500,200,100.0,4909,11.350618421628589,1
1556217583.9519827,tracers/65671206-8206-40da-afc3-b886108c2f0c,10_4,pass,10,1e-06,0.02,0.1,500,500,200,100.0,7168,10.511536246166918,3
1556217704.6256216,tracers/32bdbdf0-5267-495b-a332-d7aa90d94d94,10_4,pass,10,1e-06,0.02,0.1,500,500,200,100.0,5760,12.514218706418934,3
1556217775.27774,tracers/d9dd36c7-45f2-463e-8f6f-c153b0e73e23,10_4,pass,10,1e-06,0.02,0.1,500,500,200,100.0,4891,10.44739715579203,1
1556217803.1458302,tracers/86f6b535-fbf2-4e91-8ff7-7e8510b4f44b,10_4,pass,10,1e-06,0.02,0.1,500,500,200,100.0,4885,8.696522040987967,0
1556218093.9199007,tracers/a4dd5518-6a09-457e-9f31-274e2397e48b,10_4,pass,10,1e-05,0.02,0.1,500,500,200,100.0,450,12.36465372858823,1
1556218110.1308877,tracers/15ca96ce-d406-4b80-946c-0e67902cb3a4,10_4,pass,10,1e-05,0.02,0.1,500,500,200,100.0,727,11.74078625521631,4
1556218111.1527274,tracers/92b056ba-ab00-4f30-ae63-db48d0c383e0,10_4,pass,10,1e-05,0.02,0.1,500,500,200,100.0,133,10.979681896315878,0
1556218117.1972191,tracers/7dec2c68-3b14-4319-94af-875ff773767b,10_4,pass,10,1e-05,0.02,0.1,500,500,200,100.0,580,8.914495888659907,1
1556218123.7682586,tracers/5a9f69dd-6397-4291-8e9c-9843d1bb3661,10_4,pass,10,1e-05,0.02,0.1,500,500,200,100.0,714,8.37558800176665,1
1556218132.007871,tracers/bb2bd218-fa9d-449d-b65d-558b1e1f2512,10_4,pass,10,1e-05,0.02,0.1,500,500,200,100.0,659,10.669284697141896,2
1556218133.8664882,tracers/18a394bd-8b3b-492c-abaa-e973023c50ed,10_4,pass,10,1e-05,0.02,0.1,500,500,200,100.0,293,10.53896106034112,0
1556218166.796325,tracers/c2676891-c891-43e2-90d3-0cf6b3823b3a,10_4,pass,10,1e-05,0.02,0.1,500,500,200,100.0,521,8.168553833886172,11
1556218170.9622016,tracers/ac7201e6-5204-443c-b22a-7df64fbf937d,10_4,pass,10,1e-05,0.02,0.1,500,500,200,100.0,738,10.750916816955236,0
1556218178.776405,tracers/37b54b20-b151-43af-824b-75e853373615,10_4,pass,10,1e-05,0.02,0.1,500,500,200,100.0,744,10.873211148365474,1
1556218276.198325,tracers/7bf3ae27-6b6c-4520-9506-fbf6191e8900,10_4,pass,10,1e-05,0.02,0.1,500,500,200,100.0,277,10.776852137355654,0
1556218281.4180915,tracers/f9f08fe2-46cc-489f-bf61-e32c7d0d84d1,10_4,pass,10,1e-05,0.02,0.1,500,500,200,100.0,449,11.389951228125963,1
1556218284.9981475,tracers/87c33d36-4a2e-499d-b2c2-27484c80b397,10_4,pass,10,1e-05,0.02,0.1,500,500,200,100.0,645,10.175298463699193,0
1556218297.8915682,tracers/2a2a86c6-bb2f-4d47-9916-998053d6a842,10_4,pass,10,1e-05,0.02,0.1,500,500,200,100.0,875,12.609273045394353,3
1556218303.9956346,tracers/409aee9c-e125-4dec-bab7-0ccd35f13739,10_4,pass,10,1e-05,0.02,0.1,500,500,200,100.0,549,11.375382220182857,1
1556218305.7368493,tracers/0b36186a-272c-4607-a98f-ae7a3a106191,10_4,pass,10,1e-05,0.02,0.1,500,500,200,100.0,248,11.503513218567123,0
1556218312.4961975,tracers/e5740a25-aa9d-47d5-8ffa-73184bd2e300,10_4,pass,10,1e-05,0.02,0.1,500,500,200,100.0,732,9.328243788188555,1
1556218316.5765593,tracers/27797d89-1269-4ae4-aa4b-6ca14ae39e5e,10_4,pass,10,1e-05,0.02,0.1,500,500,200,100.0,731,9.803385370185861,0
1556218318.6465442,tracers/902b4fcf-fb98-4fb9-a556-1cf15047c3e8,10_4,pass,10,1e-05,0.02,0.1,500,500,200,100.0,335,12.324388972300692,0
1556218321.763433,tracers/8dd19fe0-b8dd-44d2-8b40-e51c360b2f57,10_4,pass,10,1e-05,0.02,0.1,500,500,200,100.0,537,10.074197892871602,0
1556218379.8668432,tracers/9daffa4a-6ed9-4f17-80f6-74d744befb3d,10_4,pass,10,1e-05,0.02,0.1,500,500,200,100.0,232,8.47922809491757,0
1556218381.0545626,tracers/29e30038-a07f-4c45-af9f-920d6833f3d1,10_4,pass,10,1e-05,0.02,0.1,500,500,200,100.0,168,10.152181873853898,0
1556218386.4997444,tracers/6f293dcd-62fa-4c09-9ef1-12926a305e6d,10_4,pass,10,1e-05,0.02,0.1,500,500,200,100.0,1047,11.74679152313879,0
1556218401.5994911,tracers/8547f076-cfff-4271-9b13-8483bc44fbe6,10_4,pass,10,1e-05,0.02,0.1,500,500,200,100.0,378,11.273933451464679,4
1556218425.004973,tracers/1a539874-36e0-4aff-9330-0320e37803c0,10_4,pass,10,1e-05,0.02,0.1,500,500,200,100.0,370,9.092421404817578,6
1556218435.729104,tracers/2bc1a261-dea8-45ce-b862-b386ac4530f8,10_4,pass,10,1e-05,0.02,0.1,500,500,200,100.0,218,9.438089413875506,4
1556218439.881325,tracers/64b87b81-c224-4f1d-9ffc-38b5ed71d0cf,10_4,pass,10,1e-05,0.02,0.1,500,500,200,100.0,758,11.76235132291026,0
1556218442.253877,tracers/dd14419d-dfec-4f7d-9a06-83eabec49e82,10_4,pass,10,1e-05,0.02,0.1,500,500,200,100.0,386,11.016369841243764,0
1556218461.668114,tracers/b8d728f5-cebe-4022-ac9f-c822c82c738c,10_4,pass,10,1e-05,0.02,0.1,500,500,200,100.0,1056,11.182696223780088,6
1556218464.1350033,tracers/4708e2e2-4864-4cf4-95d9-795f8d7e772e,10_4,pass,10,1e-05,0.02,0.1,500,500,200,100.0,419,9.024528172912216,0
1556218485.1856456,tracers/28fdcd3e-6cfb-4579-baf4-1a2bb0ddffee,10_4,pass,10,1e-05,0.02,0.1,500,500,200,150.0,448,9.352242779954544,0
1556218492.6283195,tracers/84c9c93e-e2ce-42a8-adef-5bad9311b314,10_4,pass,10,1e-05,0.02,0.1,500,500,200,150.0,663,10.095453498880776,1
1556218498.3985376,tracers/7791e228-7a8d-486c-97c4-c982fbb47a3a,10_4,pass,10,1e-05,0.02,0.1,500,500,200,150.0,1085,8.610970142834612,0
1556218517.4897325,tracers/4fdc85f5-914e-4513-b82a-0a3b226710c6,10_4,pass,10,1e-05,0.02,0.1,500,500,200,150.0,1174,11.384687764848898,1
1556218520.7038565,tracers/99e9b626-10e3-473c-b72d-afd790e5b1f6,10_4,pass,10,1e-05,0.02,0.1,500,500,200,150.0,283,8.910593591599707,1
1556218528.229645,tracers/e7c48403-5eb2-4f9c-b3d3-14266ad841af,10_4,pass,10,1e-05,0.02,0.1,500,500,200,150.0,1407,10.259610609880372,0
1556218532.1968203,tracers/3b2f2b99-32ee-49cc-b581-1ce963851abd,10_4,pass,10,1e-05,0.02,0.1,500,500,200,150.0,718,9.528998288461018,0
1556218534.5055704,tracers/ea14e33b-a998-4fa7-9d0c-d5a96d749510,10_4,pass,10,1e-05,0.02,0.1,500,500,200,150.0,399,10.147416640883355,0
1556218625.2799938,tracers/52473431-4e37-46fa-bc3b-03a4ed70cda4,10_4,pass,10,1e-05,0.02,0.1,500,500,200,150.0,455,10.313698453945298,5
1556218632.5834494,tracers/5a673883-f73d-4483-82f5-a6cad29d5856,10_4,pass,10,1e-05,0.02,0.1,500,500,200,150.0,189,12.0962421349888,2
1556218634.444847,tracers/497a4e1a-37e1-4279-95a6-94d4b371ae87,10_4,pass,10,1e-05,0.02,0.1,500,500,200,150.0,255,9.122441460802609,0
1556218639.7680957,tracers/fe79c9b0-f5a8-443c-af32-18efba815816,10_4,pass,10,1e-05,0.02,0.1,500,500,200,150.0,311,11.593278150756497,1
1556218642.0958762,tracers/b0541d01-ea7f-4a64-bda7-46e083abb09a,10_4,pass,10,1e-05,0.02,0.1,500,500,200,150.0,350,8.905594316464429,0
1556218651.8785164,tracers/473ed7e4-380e-4684-98d3-32d40af5a99f,10_4,pass,10,1e-05,0.02,0.1,500,500,200,150.0,1514,11.030186503840362,1
1556218667.44216,tracers/036e8d25-db49-45da-ab2b-b6dc9184fb94,10_4,pass,10,1e-05,0.02,0.1,500,500,200,150.0,1243,9.563119171427779,3
1556218671.5778449,tracers/28bfdac9-19de-4fa2-a277-3859fdfe8a68,10_4,pass,10,1e-05,0.02,0.1,500,500,200,150.0,432,10.993460479878506,1
1556218689.1055365,tracers/56cef765-7f2d-4a2d-9459-b3cf42e68b74,10_4,pass,10,1e-05,0.02,0.1,500,500,200,150.0,865,9.268771946542685,2
1556218695.2996733,tracers/5c273dfc-cb4a-4dc0-89da-eb22c1d2fc91,10_4,pass,10,1e-05,0.02,0.1,500,500,200,150.0,488,10.375735545139085,1
1556218758.8049238,tracers/e23b8a79-0529-4312-b673-f3f462ad2a01,instances/4_203_c4ec6b3b-ba41-4ac7-b276-ae3e0264422e,pass,4,1e-05,0.02,0.1,500,500,200,150.0,624,3.7920678962311807,0
1556218760.1540697,tracers/079f8b11-afbe-471c-b54a-f114fdf035df,instances/4_203_c4ec6b3b-ba41-4ac7-b276-ae3e0264422e,pass,4,1e-05,0.02,0.1,500,500,200,150.0,911,3.223941605970003,0
1556218761.5222404,tracers/ecb24ef4-59fb-4f2a-a9c8-59c2d94508d9,instances/4_203_c4ec6b3b-ba41-4ac7-b276-ae3e0264422e,pass,4,1e-05,0.02,0.1,500,500,200,150.0,683,3.223941605970003,1
1556218765.173521,tracers/f6fca551-bd61-44ac-afc4-147daad8c4a3,instances/4_203_c4ec6b3b-ba41-4ac7-b276-ae3e0264422e,pass,4,1e-05,0.02,0.1,500,500,200,150.0,21,3.7920678962311807,2
1556218766.3464468,tracers/05d69ee3-c317-4131-b2ea-87cd2a3d7258,instances/4_203_c4ec6b3b-ba41-4ac7-b276-ae3e0264422e,pass,4,1e-05,0.02,0.1,500,500,200,150.0,790,3.1442892183945337,0
1556218768.3254724,tracers/41aff515-1053-4588-a310-9a92eb2bfaef,instances/4_203_c4ec6b3b-ba41-4ac7-b276-ae3e0264422e,pass,4,1e-05,0.02,0.1,500,500,200,150.0,41,3.7920678962311807,4
1556218769.6178272,tracers/45fd95c0-3e22-4ad7-b368-edba8b259bec,instances/4_203_c4ec6b3b-ba41-4ac7-b276-ae3e0264422e,pass,4,1e-05,0.02,0.1,500,500,200,150.0,599,3.7920678962311807,1
1556218771.9166121,tracers/154ba549-0e10-4098-b330-683bf75fb35d,instances/4_203_c4ec6b3b-ba41-4ac7-b276-ae3e0264422e,pass,4,1e-05,0.02,0.1,500,500,200,150.0,304,3.1442892183945337,4
1556218773.168286,tracers/3b09ed2a-3da7-409d-95ca-ca737f3f52e0,instances/4_203_c4ec6b3b-ba41-4ac7-b276-ae3e0264422e,pass,4,1e-05,0.02,0.1,500,500,200,150.0,812,3.7920678962311807,0
1556218775.612905,tracers/31290866-fbcb-4e37-adb8-e7d1c6c5dc6e,instances/4_203_c4ec6b3b-ba41-4ac7-b276-ae3e0264422e,pass,4,1e-05,0.02,0.1,500,500,200,150.0,699,3.7920678962311807,4
1556219053.6961627,tracers/019bfaaa-816c-40b9-959b-bd6bbe450c4f,10_5,pass,10,1e-05,0.02,0.1,500,500,200,10.0,315,11.295698134845255,0
1556219058.0096705,tracers/f51ab417-a588-49ae-ba8e-ae3c949d22ea,10_5,pass,10,1e-05,0.02,0.1,500,500,200,20.0,213,11.0371755216108,2
1556219062.465321,tracers/daa83528-e35b-405f-80f8-bd5f943895c2,10_5,pass,10,1e-05,0.02,0.1,500,500,200,30.0,511,10.146308619691514,1
1556219063.342068,tracers/bd10a316-f404-4e9f-b328-f102051c8586,10_5,pass,10,1e-05,0.02,0.1,500,500,200,40.0,103,7.9225041415494335,0
1556219064.4229536,tracers/ed5fecd6-ce7c-4808-a815-292437172a23,10_5,pass,10,1e-05,0.02,0.1,500,500,200,50.0,148,9.2075966415239,0
1556219065.9100778,tracers/7c72e92b-26cf-4b05-b300-3ec2a87cd3d7,10_5,pass,10,1e-05,0.02,0.1,500,500,200,60.0,221,9.825234524180546,0
1556219069.0871282,tracers/354988a5-db48-4fdb-a912-f68135f5ee64,10_5,pass,10,1e-05,0.02,0.1,500,500,200,70.0,562,9.269740123197712,0
1556219074.2017753,tracers/f3b38799-c69b-4d3c-83dc-4ed1230ff678,10_5,pass,10,1e-05,0.02,0.1,500,500,200,80.0,435,9.59363530936961,1
1556219078.13815,tracers/7f3f0a86-92ab-482a-9929-7e64c06e3ec9,10_5,pass,10,1e-05,0.02,0.1,500,500,200,90.0,594,10.269999021412303,0
1556219081.102351,tracers/b1f4e04f-bb28-4406-8fcf-4324b29a3734,10_5,pass,10,1e-05,0.02,0.1,500,500,200,100.0,448,9.372496802394588,0
1556219086.6812146,tracers/07797b84-f162-47c6-822f-4f7cfb83e922,10_5,pass,10,1e-05,0.02,0.1,500,500,200,110.0,391,7.635123592743627,1
1556219093.1884422,tracers/fd768a2d-c39d-4202-9cd9-1c3295437245,10_5,pass,10,1e-05,0.02,0.1,500,500,200,120.0,574,11.752098134184896,2
1556219103.9617693,tracers/23556722-0440-42b4-8b6f-47e072aa1ef6,10_5,pass,10,1e-05,0.02,0.1,500,500,200,130.0,340,10.438810423426323,2
1556219113.7592444,tracers/1e3f7d2b-d63f-48fb-8962-2ecd077e725f,10_5,pass,10,1e-05,0.02,0.1,500,500,200,140.0,736,9.696992865371135,2
1556219174.1175578,tracers/6c03861f-5fcb-4805-98ff-ccb634087983,10_5,pass,10,1e-05,0.02,0.1,500,500,200,150.0,1204,8.990510624066829,6
1556219208.4794815,tracers/81e5e7f8-e869-4306-ab39-82e264a50a78,10_5,pass,10,1e-05,0.02,0.1,500,500,200,160.0,1858,10.543508171527533,5
1556219231.2905574,tracers/9cd24102-45a9-439c-a9d8-0ce34b3e7dcd,10_5,pass,10,1e-05,0.02,0.1,500,500,200,170.0,1245,10.06920889776568,3
1556219236.4770834,tracers/241fee2d-3ec4-462a-95f5-4dffa8f8f927,10_5,pass,10,1e-05,0.02,0.1,500,500,200,180.0,897,8.600412125906349,0
1556219253.380459,tracers/6a63770e-5046-4da0-a7b4-be9823758cdf,10_5,pass,10,1e-05,0.02,0.1,500,500,200,190.0,720,8.843142296878403,2
1556219257.2033744,tracers/5214ab6c-fbb3-44ff-9cda-ae71362e57d7,10_5,pass,10,1e-05,0.02,0.1,500,500,200,200.0,655,10.73972868032941,0
1556219373.1055279,tracers/c0625d9d-4973-47b1-8964-f3498c6048af,10_5,pass,10,1e-05,0.02,0.1,500,500,200,150.0,1031,10.47282352221766,2
1556219380.455282,tracers/333906ae-ba1d-491f-83e3-59ee5b317774,10_5,pass,10,1e-05,0.02,0.1,500,500,200,150.0,864,9.40051849509437,1
1556219419.0325732,tracers/3bbe2b48-3ffe-4e05-99f5-b145f435e7cc,10_5,pass,10,1e-05,0.02,0.1,500,500,200,150.0,1647,10.005548406653837,6
1556219424.1008077,tracers/9979dcad-5735-4748-83c8-4f63f951b36e,10_5,pass,10,1e-05,0.02,0.1,500,500,200,150.0,896,11.472328627210334,0
1556219451.9856648,tracers/86e32b58-cdb1-40b4-9981-2bcadb0edc27,10_5,pass,10,1e-05,0.02,0.1,500,500,200,150.0,846,9.868305133356742,2
1556219466.86417,tracers/7256cad3-18a3-4edf-9aa7-f807e294bbc6,10_5,pass,10,1e-05,0.02,0.1,500,500,200,160.0,635,8.990808720163804,3
1556219479.2382038,tracers/2204065b-9931-48bc-8b4f-76e1112a5a80,10_5,pass,10,1e-05,0.02,0.1,500,500,200,160.0,117,9.046396796949947,1
1556219481.140599,tracers/4d0133e2-538a-46ad-a5af-5c4daa267784,10_5,pass,10,1e-05,0.02,0.1,500,500,200,160.0,279,8.744778510219826,0
1556219535.3203027,tracers/de501431-0a6a-4493-9bd9-073a08eac18d,10_5,pass,10,1e-05,0.02,0.1,500,500,200,160.0,874,9.814665531321536,6
1556219541.6748722,tracers/d671f536-e557-47ec-a443-9b320d01f408,10_5,pass,10,1e-05,0.02,0.1,500,500,200,160.0,1072,10.383304121188049,0
1556219558.5003157,tracers/c694f5fc-955e-4c71-bc9c-a3bf1d52203b,10_5,pass,10,1e-05,0.02,0.1,500,500,200,170.0,668,11.703155672090295,1
1556219569.2850487,tracers/ffb23b02-5143-493b-b519-54f8d964113d,10_5,pass,10,1e-05,0.02,0.1,500,500,200,170.0,1077,9.692341054777273,1
1556219578.2090952,tracers/330eb15e-e6e2-49d1-9bbf-c7e4ce718af3,10_5,pass,10,1e-05,0.02,0.1,500,500,200,170.0,770,9.885609863333224,1
1556219580.5720992,tracers/1853cec3-6789-4289-bc26-d7c54b844aea,10_5,pass,10,1e-05,0.02,0.1,500,500,200,170.0,351,7.829449972188585,0
1556219605.5761116,tracers/7f34bcd3-3d5a-4a6c-acdc-e90227c61569,10_5,pass,10,1e-05,0.02,0.1,500,500,200,170.0,832,9.950301415595563,3
1556219611.442,tracers/aff1b067-9b7e-4320-ac64-4ef49da4028c,10_5,pass,10,1e-05,0.02,0.1,500,500,200,180.0,1001,10.099539529849329,0
1556219619.90139,tracers/e21c5525-d425-46e5-85ea-a7b511c91df9,10_5,pass,10,1e-05,0.02,0.1,500,500,200,180.0,1532,8.149549275044349,0
1556219625.0468743,tracers/02bd54eb-9808-430f-b52a-984da93c01c0,10_5,pass,10,1e-05,0.02,0.1,500,500,200,180.0,253,8.304641478839628,2
1556219668.8104916,tracers/368199fc-59bb-4b4c-90e1-bc67e06197f3,10_5,pass,10,1e-05,0.02,0.1,500,500,200,180.0,1145,7.937440876884936,4
1556219692.3855026,tracers/d34f8622-6c00-4333-925a-6751718053f4,10_5,pass,10,1e-05,0.02,0.1,500,500,200,180.0,1554,9.974068116629173,2
1556219737.3654664,tracers/8ff199b2-4b56-44f0-b36d-a08996c9f4e0,10_5,pass,10,1e-05,0.02,0.1,500,500,200,190.0,1155,9.539226795351757,5
1556219751.1979706,tracers/e0a906e1-b291-4f4f-856b-3395857f9142,10_5,pass,10,1e-05,0.02,0.1,500,500,200,190.0,1242,9.898533813196813,1
1556219757.7214084,tracers/68de2015-319e-4ab6-9946-d1161e2fe3c0,10_5,pass,10,1e-05,0.02,0.1,500,500,200,190.0,988,10.554699668290617,1
1556219785.2433114,tracers/4b720b13-c0d4-49d6-85b9-fef4481608bf,10_5,pass,10,1e-05,0.02,0.1,500,500,200,190.0,640,9.534408351744007,4
1556219789.224224,tracers/56f9c2a4-3cd8-4d45-943a-24b11121cf16,10_5,pass,10,1e-05,0.02,0.1,500,500,200,190.0,647,9.807284778767588,0
1556219798.8506048,tracers/46dedd7d-1a9c-43b5-97f9-d61e182626bb,10_5,pass,10,1e-05,0.02,0.1,500,500,200,200.0,1389,8.549471982135012,1
1556219816.6070485,tracers/7bee4c01-91cd-4356-a868-1203bfd4ff51,10_5,pass,10,1e-05,0.02,0.1,500,500,200,200.0,1105,8.87135604705575,2
1556219844.6633801,tracers/79bccddd-7f0f-4c53-bc7d-0193efed8fbc,10_5,pass,10,1e-05,0.02,0.1,500,500,200,200.0,1545,9.781100837445436,2
1556219893.5322893,tracers/3d4b056b-4b67-4d64-99e5-5840cb682183,10_5,pass,10,1e-05,0.02,0.1,500,500,200,200.0,466,8.757832230814385,5
1556219905.367268,tracers/dc3b0836-040c-471d-b78e-11ffe1c8b9e0,10_5,pass,10,1e-05,0.02,0.1,500,500,200,200.0,1542,9.693044844762612,0
